<?xml version="1.0" encoding="UTF-8" standalone="no"?>
<!-- Generated 19 ene 2025, 19:47:38 by Hibernate Tools 6.5.1.Final --><!DOCTYPE hibernate-mapping PUBLIC "-//Hibernate/Hibernate Mapping DTD 3.0//EN" "http://www.hibernate.org/dtd/hibernate-mapping-3.0.dtd">
<hibernate-mapping>
    <class catalog="sede" name="entities.Entidades" optimistic-lock="none" table="entidades">
        <id name="id" type="java.lang.Integer">
            <column name="id"/>
            <generator class="identity"/>
        </id>
        <property name="nombre" type="string">
            <column length="100" name="nombre" not-null="true"/>
        </property>
        <set fetch="select" inverse="true" lazy="true" name="registroses" table="registros">
            <key>
                <column name="entidad" not-null="true"/>
            </key>
            <one-to-many class="entities.Registros"/>
        </set>
    </class>
</hibernate-mapping>
