<?xml version="1.0" encoding="UTF-8" standalone="no"?>
<!-- Generated 19 ene 2025, 19:47:38 by Hibernate Tools 6.5.1.Final --><!DOCTYPE hibernate-mapping PUBLIC "-//Hibernate/Hibernate Mapping DTD 3.0//EN" "http://www.hibernate.org/dtd/hibernate-mapping-3.0.dtd">
<hibernate-mapping>
    <class catalog="sede" name="entities.Registros" optimistic-lock="none" table="registros">
        <id name="numeroRegistro" type="string">
            <column length="100" name="Numero_Registro"/>
            <generator class="assigned"/>
        </id>
        <many-to-one class="entities.Entidades" fetch="select" name="entidades">
            <column name="entidad" not-null="true"/>
        </many-to-one>
        <property name="dniSolicitante" type="string">
            <column length="15" name="DNI_solicitante" not-null="true"/>
        </property>
        <property name="nombreSolicitante" type="string">
            <column length="100" name="Nombre_solicitante" not-null="true"/>
        </property>
        <property name="apellidosSolicitante" type="string">
            <column length="200" name="apellidos_solicitante" not-null="true"/>
        </property>
        <property name="tramite" type="string">
            <column length="100" name="tramite" not-null="true"/>
        </property>
    </class>
</hibernate-mapping>
